ASIN,Product Name,Product URL
B0B28V7D1Q,"16pcs Medium Black Chair Leg Floor Protectors Silicone Chair Feet Covers to Protect Floors Felt Bottom Furniture Non Slip Thicken Protector Pads to Scratches and Reduce Noise, Easy to Move",https://www.amazon.com/dp/B0B28V7D1Q
B09Q2YHWH5,"11 Pieces Interactive Walking Dog Toys Pack for Kids, Electronic Remote Control Puppy Toy with Leash, Walking, Barking, Tail Wagging Realistic Puppy Pet Gifts for Age 3 4 5+ Boys Girls Birthday Gift",https://www.amazon.com/dp/B09Q2YHWH5
B08SQCWYTS,102 Animals Balloons Giant Zoo Animal Balloons Kit For Jungle Safari Animals Theme Birthday Party Decorations (27inch -Zebra + cow),https://www.amazon.com/dp/B08SQCWYTS
B08VNN3JBC,"TenSteed Chef Knife Japanese Gyuto Chef Knife, Professional Hand Forged Kitchen Chef Knife, 5 Layers 9CR18MOV High Carbon Meat Sushi Knife with Sandalwoods Handle & Gift Box (5 inch)",https://www.amazon.com/dp/B08VNN3JBC
B0BLNQ9VPQ,"ABENE Mattress Topper for Back Pain Relief, Extra Thick Mattress Pad Pillowtop, Soft Mattress Protector Cover with 8""-21"" Deep Pocket, Overfilled Down Alternative Filling (White, King)",https://www.amazon.com/dp/B0BLNQ9VPQ
B09M83LDPN,"AIWEI iPad 10.2 Cover iPad 9th Generation 2021/ iPad 8th Generation 2020/ iPad 7th Generation 2019 Case, Corner Protection ,Multi-Angle Viewing Stand Cover, Smart Cover Case for iPad 10.2 Inch -Navy",https://www.amazon.com/dp/B09M83LDPN
B0B6FGC6D5,"Toiclebor® Potato Grow Bags with Flap 5 Gallon, 4 Pack Planter Pot with Handles and Harvest Window for Potato Tomato and Vegetables, with Marker Pen and Plant Tags, Black",https://www.amazon.com/dp/B0B6FGC6D5
B09CGTCLQ1,"Aoasur Replaces DWE7402DI Dado Throat Plate - Compatible with DWE7490X, DWE7491RS, DWE7499GD and DWE7491X table saw versions for construction sites - Made from Impact-Resistant PC/PBT Blend Material",https://www.amazon.com/dp/B09CGTCLQ1
B097G7YWMX,"APER 26Pcs Alloy Enamel Number Shape Beads,2 Sets Number of 09 Charm Beads for DIY Bracelet Necklace Jewelry Making",https://www.amazon.com/dp/B097G7YWMX
B09BVQBX1F,Aloodor Lightweight Hoodies for Women Color Block Pullover Hooded Sweatshirt Long Sleeves Casual,https://www.amazon.com/dp/B09BVQBX1F
B089KRKGSG,"2PM SPORTS Cytia Pink Girls Adjustable Illuminating Inline Skates with Light up Wheels, Fun Flashing Beginner Roller Skates for Kids",https://www.amazon.com/dp/B089KRKGSG
B081VFCVX3,F FORITO 2 Pack Anti Scratch Clear Screen Protector Compatible with MacBook Pro 16 Inch 2019 Released Model A2141 with Touch Bar and Touch ID,https://www.amazon.com/dp/B081VFCVX3
B08JQ3JHF3,"10 Pcs Christmas Cotton Fabric Squares, 50 x 40cm Precut Quilting Patchwork Printed Fabric Scraps Quilting Squares Bundles for DIY Christmas Stocking Tree Wreath Doll Dress Apron Quilt Coaster",https://www.amazon.com/dp/B08JQ3JHF3
B087BWYCBG,"32.8ft Smart RGB LED Strip Lights, Music Sync Color Changing LED Lights Strip for TV Room TikTok Party Work with Alexa Google Home, Remote, Voice Activated, APP Control (16.4ft+16.4ft)",https://www.amazon.com/dp/B087BWYCBG
B08R583ZS3,"AKSONIC Wireless Earbuds, Bluetooth 5.0 45H Playtime TWS True Wireless Headphones for iPhone Android Workout Sports Sleep with Microphone Charging Case IPX4 Waterproof Button Control (Black)",https://www.amazon.com/dp/B08R583ZS3
B099N9R2MG,"Alyxxndra Long Press On Nails Coffin Fake Nail Tips Artificial, Glossy Aurora Color Glitter 24pcs Natural 2 Minutes Nail Art (Dark Green)",https://www.amazon.com/dp/B099N9R2MG
B09Z2P34KR,"Ardanlingke Chef Knife, 8 Inch Kitchen Knife with Laser Pattern, Stainless Steel Sharp Knife, Colored Wood Handle with Ergonomic Design, And With Packaging Box.",https://www.amazon.com/dp/B09Z2P34KR
B09YRLKCTD,"ASONCE for iPhone 13 Pro Max Case Compatible with MagSafe,[12ft Drop Protection] Magnetic Cover with Cute Bling Sparkle for iPhone 13 Pro Max Case 6.7""- (Clear Blue)",https://www.amazon.com/dp/B09YRLKCTD
B09GW2K4HQ,"BGZDZDN Kitten Case for iPhone 13 Pro Max Case, Black White Pattern Print Design Girl Women with Tempered Glass Back and Soft TPU Bumper Case Cover for iPhone 13 Pro Max",https://www.amazon.com/dp/B09GW2K4HQ
B08CY46P9W,"Bedsure Linen Curtains 84 inch Length 2 Panels Set, Blackout Teal Curtains for Living Room, Linen Textured Drapes (52x84inch,Teal)",https://www.amazon.com/dp/B08CY46P9W
B093RG9VFL,"Bonve Pet Dog Retractable Leash and Collar Set - 16ft Heavy Duty Nylon Tape Pet Walking Leash with Anti-Slip Handle for Dogs Pets up to 40lbs, One-Handed Lock & Release",https://www.amazon.com/dp/B093RG9VFL
B0964ZR8B8,Bike Rack Storage Wall Mount for Garage Adjustable Hook Heavy Duty Steel Rail,https://www.amazon.com/dp/B0964ZR8B8
B0B2LKB6GX,BUENOS NINOS Joggers for Women Quick Dry Running Hiking Pants for Women Casual Lightweight Breathable Athletic Pants,https://www.amazon.com/dp/B0B2LKB6GX
B0B2LL4KP4,BUENOS NINOS Joggers for Women Quick Dry Running Hiking Pants for Women Casual Lightweight Breathable Athletic Pants,https://www.amazon.com/dp/B0B2LL4KP4
B09L4XRG6B,Car Charger Adapter 55W 3 Ports Car Charger Fast Charge USB C Car Charger Car iPhone Charger with PD QC3.0 Compatible for iPhone 13/12/11 Pro/XR/X/7/6 iPad Air 2/Mini 3 Samsung Note 9/S10/S9/S8,https://www.amazon.com/dp/B09L4XRG6B
B0B17L51WZ,"Big Ant RV Bus Windshield Sunshade,240T UV Reflective Car Sun Shade Keeps Your RV Motorhome Cool, Custom for Front RVs, Trucks, Motorhomes, Large Bus",https://www.amazon.com/dp/B0B17L51WZ
B09G6KFJCD,"Bling-Bling Gnome Ornaments for Christmas Trees, Hanging Gnomes Holiday Decorations, Handmade Swedish Sequins Plush Santa Elf Home Decor, Thanksgiving Decorations Gifts Christmas Ornaments Set of 7",https://www.amazon.com/dp/B09G6KFJCD
B08CD8W42B,"Cell Phone Armband for Running, Sports Armband for All Phones Fitness and Gym Workouts Universal (iPhone X/8/7/6/Plus, Samsung Galaxy S9/S8/S7/S6/Edge/Plus & LG, Huawei, Google, Sony & More) Pink Small",https://www.amazon.com/dp/B08CD8W42B
B09B54GMV9,"Christmas Pathway Lights with Classic Christmas Shapes, Christmas Pathway Lights Outdoor with Rotating Projection Light, Christmas Lights for Pathway Special Material, Pathway Christmas Lights Waterproof",https://www.amazon.com/dp/B09B54GMV9
B09P4X6PYN,"CJ&J-Home Satin Pillowcase Queen Set of 2, Taupe Pillowcases for Hair and Skin Set of 2 Pack Silky Cooling Pillow Covers Cases with Envelope Closure and Scrunchie",https://www.amazon.com/dp/B09P4X6PYN
B088DB14G1,"bokilino Car Phone Holder Mount, Car Phone Mount - Cup Phone Holder for Car Dashboard Windshield, Sturdy Cup Holder Phone Mount Fit with All Mobile Phones",https://www.amazon.com/dp/B088DB14G1
B08MKZZYWB,"BMBMPT Adjustable Elastic Watch Band Compatible with Apple Watch 38mm 40mm 42mm 44mm, Stretchy Loop Bracelet Women Men Replacement Wristbands for iWatch Series 6/5/4/3/2/1 SE.",https://www.amazon.com/dp/B08MKZZYWB
B094PZ335Z,Carbon Paper for Tracing Graphite Transfer-Paper - PSLER 32 PCS Black Graphite Paper for Tracing Drawing Patterns on Wood Projects Canvas Fabric Artist Lettering Sketch Drawing A4 Size 8.5 X 11 Inch,https://www.amazon.com/dp/B094PZ335Z
B08TVR8DKN,"DABAOZA Compatible for Apple Watch Band with Glitter Bumper Case, Women Silicone Soft Comfortable Adjustable Strap with Buckle for iWatch SE Series 8/7/6/5/4/3/2/1 (Black Rose gold, 38mm)",https://www.amazon.com/dp/B08TVR8DKN
B09NCXWS7X,"Cloth Face Mask for Women and Men - Reusable Washable Cotton Face Masks Comfortable Cover (Black,3Pack)",https://www.amazon.com/dp/B09NCXWS7X
B08GJKWTL9,"Cell Phone Stand Adjustable Phone Holder for Desk Aiwosana Phone Dock Compatible with Phone 12 Mini 11 Pro XX's Max Xu X 8 7 6 6s Plus, All Android Smartphones",https://www.amazon.com/dp/B08GJKWTL9
B092DB86FK,"CORROY Car Phone Holder Mount Dashboard Clip Cell Phone Holder for Car Sun Visor, Rearview Mirror, Compatible with 4.7 to 6.5 inch Phones",https://www.amazon.com/dp/B092DB86FK
B07TYJTGQT,"Donner Wireless Guitar System, Upgraded Digital Wireless Guitar Transmitter Receiver, for Electric Guitar Bass Violin Instrument Ultra-Low Latency 200ft Range Rechargeable (DWS-2)",https://www.amazon.com/dp/B07TYJTGQT
B09L6JMMJM,"tequilafy Defender Case for iPhone 13 Pro Max, Shockproof Camera Protector Phone Case, Clear Case for iPhone with Colored Edges, 6.7 inch Drop-Tested Anti-Scratch Case 2021 (Black), (CF2021)",https://www.amazon.com/dp/B09L6JMMJM
B09RZZG8W8,"Compatible with Apple Watch Band 42mm 44mm 45mm Women Men, Slim Light Fashion Resin Sport Strap Bracelet with Stainless Steel Replacement Bands for iWatch Series 7 6 5 4 3 2 1 SE, Dark Blue Ink…",https://www.amazon.com/dp/B09RZZG8W8
B098P8QTMW,"Crisschirs Preschool Workbook Number Busy Book Dry Erase Letters Practice Book with Marker, First Learn, Trace and Write Number, Practice line tracing, Pen Control",https://www.amazon.com/dp/B098P8QTMW
B0B2LJNX8X,BUENOS NINOS Joggers for Women Quick Dry Running Hiking Pants for Women Casual Lightweight Breathable Athletic Pants,https://www.amazon.com/dp/B0B2LJNX8X
B0BKVSBKMJ,"FCNUSX Elbow Brace for Tendonitis & Tennis Elbow, Arm Strap for Pain Relief with Compression Pad, Golfers Compression Sleeve for Men & Women",https://www.amazon.com/dp/B0BKVSBKMJ
B09Z7JWC5L,"ELLUMIN Traffic Wand, 14-inch Yellow Traffic Control Baton with 3 Flashing Modes, Night Safety Signal LED Wand with White LED on Top for Airport Marshaling, Parking, Car Directing, Outdoor Camping.",https://www.amazon.com/dp/B09Z7JWC5L
B083PW6588,"DIM Supplement – 200 mg – Menopause Support, Hormone Balance for Women & Estrogen Blocker for Men, Hot Flash Relief, Acne Treatment, PMS Support & Menopause Weight Loss Supplement",https://www.amazon.com/dp/B083PW6588
B08VGBSQZ2,"DIYM Zinc Alloy Small Push Button Drawer Catch Lock Keyless Boat Cabinet Door Catch Lock Caravan Motorhome Camper Latch, White Base Nickel Ring, 1 Pack",https://www.amazon.com/dp/B08VGBSQZ2
B089QWLZYX,"Edenbrook Bristol Headboard - Upholstered Headboard for Full/Full XL Size Bed - Arched, Nailhead Headboard Only – Charcoal Headboard",https://www.amazon.com/dp/B089QWLZYX
B092LNV521,Edenbrook Delta?California King Bed Frame with Headboard – No Box Spring Needed – Compatible with All Mattress Types – Wood Slat Support – California King Size Wood Platform Bed Frame – Mahogany,https://www.amazon.com/dp/B092LNV521
B08T8ZCFJ3,"Fairy door garden accessories Garden Decor Kit For Tree Outdoor, Fairy Door And Windows With 18pcs Garden Accessories For Trees Outdoor. Gnome Door Set Garden Art Outdoor Clearance Glow In The Dark",https://www.amazon.com/dp/B08T8ZCFJ3
B09GYJ332G,"FilFom Battery Operated String Lights, 36 ft 100 LED Outdoor String Lights, 8 Modes Twinkle Lights with Remote & Timer for Bedroom Party Garden Yard Wedding Christmas Decorations (Warm White)",https://www.amazon.com/dp/B09GYJ332G
,,
,,
